,virac_id,period
0,9352149013641,468.9657687857975
1,9319381049913,327.0127923076318
2,9327573056916,646.135585966045
3,9352149021434,366.62139989096914
4,9360341021978,374.861405039019
5,9335765022701,334.2453262673803
6,9327573021114,153.4944562789171
7,9335765047315,255.7534515853185
8,9339861029960,410.69661535439315
9,9339861051581,421.6703420528285
10,9331669046121,340.92058492211993
11,9331669041236,387.9065526052297
12,9323477052511,334.4892834133195
13,9348053014153,330.6300290878612
14,9356245019076,105.92520965751758
15,9323477053196,421.67587896463164
16,9331669038546,282.9724735310355
17,9331669041192,268.05795757462874
18,9356245018305,206.53288080369597
19,9327574026912,149.71697493639087
20,9348053018773,418.37844958861365
21,9315285028338,264.9182840166451
22,9331669024578,176.35989667601467
23,9331669038271,368.379986827068
24,9323477035010,559.3488671522914
25,9343958016789,353.1725017647498
26,9339861053189,364.3916998360556
27,9343958008840,284.4428170381473
28,9335766061544,351.94049415582435
29,9352150023688,268.49539881970446
30,9327574075430,233.59500562588482
31,9343958008334,134.03615144456222
32,9327574036059,445.0542850780529
33,9319382051495,458.8267962350753
34,9360342012305,225.00547076770127
35,9327574031059,139.595252248928
36,9319382022643,644.2903988161768
37,9335766032015,703.5235316269815
38,9335766028682,263.8296789049276
39,9327574064597,212.26603421360642
40,9352150019286,116.08100816841328
41,9327574064447,147.36322837391185
42,9327574064775,488.6955996890741
43,9335766031608,101.50415343338922
44,9335766051476,138.14094682974135
45,9335766045034,482.7223648465345
46,9356246018537,285.61419050831034
47,9352150005612,665.4874976872361
48,9339862053346,431.5227315313919
49,9335766073421,264.1155906966358
50,9356246014193,360.68437479269403
51,9352150009954,355.55011121018885
52,9331670043944,226.11584349000736
53,9339862086071,319.7995433377796
54,9356246018254,585.8590203567229
55,9356246022251,525.0574117964849
56,9348054026589,135.02425665703979
57,9339862086968,509.1599057738162
58,9335767023768,203.56471262716306
59,9323478021152,496.716579041928
60,9331670037495,386.16339063783937
61,9331670034603,476.4707832770365
62,9323478058022,478.0875281106662
63,9335767027319,618.9281145209977
64,9327575034805,121.23498284788307
65,9348054028112,315.57786004730167
66,9356246008103,627.6387006597082
67,9356246015708,194.50968921263663
68,9352151012605,229.36265924203235
69,9331670027581,471.8546104836354
70,9335767052637,351.51604139689795
71,9356246006346,318.2021402301686
72,9356246006695,202.47877486772973
73,9335767064503,172.1941609575877
74,9348054005706,493.06758528748253
75,9343959065468,692.4325891877193
76,9335767086876,227.25749470822518
77,9327575060365,745.0223429170192
78,9335767035015,375.4869492407964
79,9343959090252,635.1728041888307
80,9356247008447,606.8823919906825
81,9335767026023,455.22389931862205
82,9343959036367,356.22303132441215
83,9343959028871,319.967830080754
84,9343959057704,123.96426906368131
85,9327575050205,245.42803688251487
86,9352151022925,531.9405681593312
87,9335767090916,448.16238026043686
88,9327575045254,131.53793139300765
89,9339863069991,325.01434221313644
90,9339863050214,215.8482934767829
91,9339863089300,384.16894701212607
92,9343959036507,112.1755156993523
93,9339863051648,312.4869779874956
94,9331671018697,500.71766620006514
95,9348055023662,301.721504778852
96,9356247009230,121.25350773502632
97,9343959061174,334.64605600331726
98,9348055003692,545.3739996854
99,9339863049404,272.1572401130476
100,9331671017146,215.7146380381325
101,9348055056256,420.11760860336165
102,9335768001848,400.5934066721081
103,9348055027081,110.54815431554485
104,9360344070985,299.8034123582129
105,9343960044797,384.78351295525727
106,9331671020303,495.6064901940094
107,9331671014942,600.0614992812226
108,9360344024702,317.16369514274163
109,9327576011659,301.51420528390787
110,9356247009569,468.9801619700075
111,9348055066529,568.2117821884186
112,9339863057411,284.8735969943891
113,9348055077163,432.98601181457497
114,9352152030807,140.51785981961814
115,9352152074321,422.8267821380368
116,9343960090485,111.35989732977978
117,9343960025275,428.07570006131033
118,9352152071023,130.89182210900046
119,9352152038230,123.5137254567226
120,9352152062503,290.32137746029036
121,9319384005764,213.92948817885159
122,9319384012582,551.4147352513726
123,9352152031149,315.3388086707699
124,9343960080678,572.7777167060049
125,9356248063889,219.16292931721958
126,9352152040619,134.49251148213762
127,9335768007235,132.19747387846832
128,9343960092249,337.62833010616305
129,9339864011021,213.42218241853988
130,9327576009790,577.1098130989209
131,9315288011742,119.2778554610282
132,9327576023127,398.99052447716247
133,9352152044714,127.13750040006971
134,9315288020649,119.73235222702957
135,9339864022433,286.1231047003401
136,9348056048525,493.80174347178496
137,9339864007838,122.43830333821646
138,9348056055826,529.9553760429034
139,9348056087819,233.09950534640504
140,9323480005792,101.167817015871
141,9339864018723,351.92724489461335
142,9331672019218,382.6908904291479
143,9343961020870,446.81552742276085
144,9343961010650,161.51210473902168
145,9339864007829,177.0345550749623
146,9352153039314,187.40068271969207
147,9339864019095,568.0106522864546
148,9335769014655,386.0646068874608
149,9335769022937,258.5888278171777
150,9331672013712,381.2510887628531
151,9348056037922,150.5227565877096
152,9335769010341,546.8000853013191
153,9360345043664,332.2236460702712
154,9343961018893,240.65765064766396
155,9335769003821,398.80159134064513
156,9335769021488,250.94973812886073
157,9327577014296,110.83324523522171
158,9348057014167,568.1853257494428
159,9343961005167,671.6265740788947
160,9356249071102,387.49067376213713
161,9323481015775,185.99858372881386
162,9339865014901,573.3131017517355
163,9319385005121,178.19002372323658
164,9339865016508,667.9512934317041
165,9327577011266,243.00716926073216
166,9331673059657,449.264489086863
167,9356249059391,408.70278297874916
168,9356249028999,349.5075254219792
169,9413587033116,257.7051797408251
170,9413588033559,529.4180182332957
171,9413588039349,426.9760973697402
172,9409492032806,264.2234828478022
173,9413588020450,229.26896237753442
174,9409492041756,110.54892484044451
175,9409493033690,320.5848875294932
176,9327560045875,598.7427072480972
177,9339866030799,632.8961308396678
178,9335770043542,170.51606628840224
179,9335770052139,342.9526207392583
180,9335771016491,509.06851704576025
181,9278433021392,271.16444583610814
182,9274336035147,331.895751400121
183,9270241018637,382.57703111962684
184,9294788052390,690.7632572935272
185,9233377058486,210.47809187917582
186,9229281032752,239.60188498767812
187,9229282048917,702.328010540394
188,9225185034188,312.73548748810765
189,9307089060831,233.20604751079426
190,9298897013290,347.04069257845526
191,9348057011451,439.7817004565909
192,9475031022235,460.45929357117967
193,9479127021347,293.0190361896145
194,9364449014688,86.05907869548838
195,9356243020784,135.23842795787576
196,9352148086842,208.35956222075367
197,9368530071856,199.3169842080479
198,9368530028135,629.6593431654762
199,9249755016364,215.38005876513526
200,9245659017849,173.4212077067389
201,9245660016022,535.1953300586023
202,9372631075652,178.04198235703652
203,9364439038591,572.6698399770454
204,9364439083086,219.3850904978821
205,9364439074584,217.12994363483674
206,9458645040767,365.6902522155027
207,9327554011756,551.812958198995
208,9352150009234,409.2094341530368
209,9352150010991,196.54641180814087
210,9352151009713,430.4275497197405
211,9348054006196,523.423743137975
212,9348054018266,507.0743151089077
213,9348054021875,418.29902388919646
214,9352151003479,158.21455006321278
215,9348054002277,499.3740078962527
216,9348054010116,282.3570606271983
217,9352151002696,446.2868280584602
218,9348055023486,290.6996776959972
219,9343959069789,557.929477376283
220,9343959025069,589.5015305180158
221,9343959022785,257.77494167136115
222,9348055053664,295.1550685568495
223,9348055030113,341.87878840509114
224,9282526033710,475.4938967383378
225,9286623036569,395.38452749229515
226,9282526020499,229.69293505569675
227,9278430007909,687.0770276794058
228,9282526027163,361.3515657159829
229,9278431001023,512.7312346899166
230,9278431017861,221.79044608692692
231,9434064033302,494.50853759016417
232,9429967049648,163.14289946256991
233,9429967052622,155.9646034967999
234,9429968029896,447.66930716042185
235,9425872016645,132.8663231786338
236,9429968028753,450.0461631712149
237,9425872032259,287.99276620220576
238,9425873053120,125.5357408474285
239,9339874038571,522.7422384132324
240,9335779016167,365.4843024575206
241,9405391049472,435.704659422668
242,9401296041222,618.2439311052701
243,9421769064966,441.3196130751965
244,9323476023435,117.1450769331837
245,9294800049245,396.90246519478745
246,9290704041616,463.4070183646303
247,9405397049507,176.59963874895215
248,9405397046681,272.250803740982
249,9401302024294,322.84184714732424
250,9315279021356,156.74738129184902
251,9315279015108,360.3098500059663
252,9311183048965,541.5538055639505
253,9302998046300,628.4178072535752
254,9298901044100,492.7248196866372
255,9409489029715,409.7361969466707
256,9409490071929,158.6970276949093
257,9409489056998,97.28368962390465
258,9409489052444,619.2992921597859
259,9409490033475,702.7046733722104
260,9278433053389,486.51137280925934
261,9274337062690,462.6368242950901
262,9274337053551,183.35304671700183
263,9286615034941,615.6780173032339
264,9323484041020,89.27690704524633
265,9323484043520,106.61158636179935
266,9323484060752,361.3050069933745
267,9319389039809,479.93669862285066
268,9323485031451,340.7778541125975
269,9319389041916,342.306751802774
270,9343953042346,509.78572255677886
271,9286619023573,398.07785216066003
272,9286619039673,304.82320941707326
273,9290716038958,270.35492252754267
274,9286620028571,360.9785677990962
275,9282523021075,501.7284209063282
276,9286620014996,376.9215659798104
277,9364441059240,340.36254890567267
278,9360346029723,197.09321560485768
279,9487323027863,429.22624357827385
280,9221084031625,294.1544742538116
281,9221084014197,363.5141434910914
282,9229271060731,558.5384385199279
283,9352158014179,176.505014927719
284,9352158016910,208.9272129969469
285,9253854019435,337.7545878487325
286,9245662063369,317.9635590258807
287,9245662026295,369.66004942261713
288,9241565052981,280.76181902766444
289,9241565047680,324.03960633754565
290,9446347048135,744.954997197736
291,9249756056928,324.1023329096031
292,9245660046080,439.9405365791314
293,9364437021724,168.0184299605273
294,9364437024762,462.8950951295082
295,9364437020003,283.11386678144737
296,9360341017585,220.213025409791
297,9364437020412,400.45411407978895
298,9360341010420,222.98489524210945
299,9364437017444,423.73876410394166
300,9360342017837,706.0880186145165
301,9360342020486,306.87067631465794
302,9360342013796,194.23201419410321
303,9368534012190,146.48326173988582
304,9368534016310,774.4723652132252
305,9368534017279,269.6578077833032
306,9368534006881,178.69958427588668
307,9364438019065,213.548345110873
308,9364438016116,197.45830665886226
309,9364438009740,641.1684812390204
310,9249759029131,391.72300627364683
311,9245663021813,419.9981874652072
312,9245663018660,196.95475611964844
313,9245663039513,499.28129094175995
314,9245663041977,243.8338649733746
315,9245663047645,438.8768825272247
316,9241567017337,390.8893227098089
317,9241567022091,363.7657407850637
318,9241567039563,166.88006117845688
319,9241567023806,192.56924871972268
320,9237471057574,168.18718652127774
321,9311200036552,496.47601760500925
322,9311200039184,104.09878830120084
323,9425862044119,394.8005080715043
324,9380812053719,146.11671716217296
325,9270233032658,563.395648876923
326,9389010040934,550.1028297161487
327,9389010035018,386.083938807413
328,9389010028532,81.75104137360314
329,9384914050509,293.06958587082306
330,9380818051732,209.56319934183446
331,9380818045639,150.95368840835798
332,9483223016773,123.48862542882608
333,9479126020494,356.7261884223003
334,9389014064256,168.93502033060662
335,9384919061802,393.34431784963203
336,9200604053335,581.7614290959068
337,9335770041390,90.461069581568
338,9331672013438,183.50310034388423
339,9331673018385,232.88655484941376
340,9331673075788,465.5707010416101
341,9331673060437,465.01478017582235
342,9331673042626,389.6431912738639
343,9327577021911,301.0210705064319
344,9327577008551,188.2256520546528
345,9241571045992,93.43571818343901
346,9237477045368,373.86920428965897
347,9331665062514,399.4653402359708
348,9331665044644,327.6802817032238
349,9446358028164,805.2469605499272
350,9352155032778,353.17130324028886
351,9356251029780,258.80256097875116
352,9356251052390,116.5158977266796
353,9257946045119,266.80931679509655
354,9257946016404,620.7104429267501
355,9417685061473,199.5836022552788
356,9413589057207,127.63888476228085
357,9245662052850,587.2170009853097
358,9241566043834,165.69699270614453
359,9237470044778,656.7303841689517
360,9241566054602,499.01053272797446
361,9237473028227,508.7315228266957
362,9237473046881,722.5023254167543
363,9241569046514,577.1110399961173
364,9233377008414,435.19315900422487
365,9233377019697,572.5706121466989
366,9429969046353,430.9744215919377
367,9425873065281,659.8200082236542
368,9429969040602,329.5597072334845
369,9429969053689,193.125117290347
370,9425873024687,514.5165697756132
371,9425874016483,398.09692964619836
372,9425873080306,454.21195898000497
373,9282524021297,521.7735804410933
374,9282524003097,223.65373494867882
375,9278428023052,694.6800331140178
376,9278428002774,338.6161134058159
377,9282524021894,391.8138095319711
378,9278429002103,482.6531194962468
379,9274332004512,279.78510397664684
380,9372623020153,367.1872033468168
381,9372623040375,283.11004911197136
382,9302982012786,653.7141242995011
383,9417679047017,174.93875038931947
384,9413583021350,263.95348811979505
385,9339869036468,480.9939165499269
386,9335774007188,538.9936455418621
387,9307098042003,267.3492307439153
388,9303002047764,250.77640316267482
389,9303002031793,644.918286748682
390,9298906033711,131.9186743247013
391,9298906050721,463.59834567546494
392,9298906018861,563.6344891442901
393,9298906037056,324.4278649789786
394,9298906025377,279.0457283667726
395,9298906049099,471.94575329775824
396,9303003050888,213.11545856967842
397,9298907027663,519.2951246985136
398,9298906013705,287.41187595147585
399,9298907034566,293.0762425244436
400,9327576005672,555.9487793843824
401,9323478025084,400.9966407374618
402,9327576018995,119.30199587557415
403,9323479021462,100.7111595290597
404,9323479024509,204.02648550424632
405,9323479042883,236.0325371423013
406,9327576011127,357.13470208693496
407,9278435044903,156.8678311735368
408,9356245016133,213.40648203344367
409,9356245022146,107.30105636987184
410,9360342010266,914.4954990624527
411,9356246022358,396.5842692345136
412,9356246014462,185.18974616484886
413,9356246013855,233.1421509992754
414,9356246018719,499.8781916416618
415,9376730012116,592.3222084506557
416,9368538065562,157.38923908817543
417,9368538027760,425.027492110426
418,9372634047618,326.0939664672403
419,9229283027543,331.1904766568447
420,9331678035389,380.87344435638664
421,9311196036964,311.36917656868644
422,9311196045594,708.3523032564754
423,9307100020632,311.8127300470815
424,9307100028316,237.52923682633855
425,9339862093217,394.396580637091
426,9339862052316,354.0457860519283
427,9339862035959,162.04802160324223
428,9339862063293,177.61289049567696
429,9335767057135,484.9291034507323
430,9335767028144,94.91305001655884
431,9298911043964,302.3089207154707
432,9298911047624,465.8580109942207
433,9450448029318,546.5747762967503
434,9393106058566,268.7378746391633
435,9393106032406,587.5172404566214
436,9393106058020,238.22930352265755
437,9393106061140,337.5324167184794
438,9389009038661,193.85825218934937
439,9380825079803,98.50672835477036
440,9376729038346,417.2837841380759
441,9376730054228,724.9417069468361
442,9401301029175,548.6005149769717
443,9401301027561,235.4410407694849
444,9397204042150,184.3200212554934
445,9397204044008,632.5497679058018
446,9397204040252,319.68618012961537
447,9393109017611,452.7105607180992
448,9393109063428,454.1361112477521
449,9278412031273,539.1737136513227
450,9429962062928,213.44459312711157
451,9360329060958,414.2004013279834
452,9429971018767,108.63681018190347
453,9327567016936,437.9312256273488
454,9323471059658,482.7507122938583
455,9245660024532,390.9239597101384
456,9245661048899,411.59440285066376
457,9241564038896,217.68011200132145
458,9417672067036,292.7432304354023
459,9274325022750,135.08002837653106
460,9335782015784,503.586527049022
461,9372626042165,186.15978765621654
462,9368531068337,455.4683296776682
463,9368531025417,388.64009636297465
464,9368531022608,384.3305072879033
465,9298895054084,472.9284868609317
466,9290709073167,102.90865642882656
467,9380816032989,138.60574917350368
468,9376721062866,264.2100253057233
469,9380817028646,561.2008331235744
470,9380817040870,503.919820797316
471,9380817025505,120.70689060499029
472,9380817026730,468.61692402838315
473,9380817019657,389.0924785330966
474,9376722051017,420.1360484598027
475,9266129012728,559.7097605310009
476,9397202058565,178.71014873223262
477,9397202017579,291.8395052529885
478,9397202046869,185.373797696028
479,9401299012509,379.7964777128704
480,9397202057141,382.05937618242376
481,9397202027680,147.02892311042243
482,9393107015378,593.5269598079329
483,9393107021312,325.5195601990757
484,9393107045743,526.1862673646027
485,9397203051135,417.77519730017264
486,9393107025434,362.29649064931573
487,9389010043339,131.7076298883243
488,9212891043741,115.39673321586709
489,9446352054686,531.0709369503975
490,9442256050603,115.25923423532524
491,9434064029339,522.0032162600038
492,9315290030234,398.75119382963135
493,9315290036045,169.5295937607666
494,9315290024810,345.3734043487551
495,9315290049302,485.8595188827443
496,9315290036478,414.42810789338654
497,9315291023299,369.6899889845612
498,9307098033668,302.468425179025
499,9311195041720,171.28837507373487
500,9311195019399,120.14727441598848
501,9311195061939,458.9880905749536
502,9307099031501,212.63842515549305
503,9376734035561,350.1511140799136
504,9352138029569,478.00616161120837
505,9331677025714,239.9212423021721
506,9303000030447,355.5158941964765
507,9475042038386,550.3599565102836
508,9360351039695,342.0758823843368
509,9356254023692,285.3924586472138
510,9352159039770,198.90713127650008
511,9356255029975,595.265686172492
512,9311190062405,494.19519765173965
513,9311190002800,547.1721659685695
514,9311190049892,797.0911629652554
515,9307093051696,110.84294549767485
516,9311191008689,673.7165443829089
517,9307094008535,414.92072856689657
518,9307094021716,187.007748297066
519,9298890071092,83.63959347784743
520,9339876034299,560.3392619063452
521,9335781048758,226.0869065069163
522,9409491072368,346.17463110753175
523,9409491073327,302.6357764576213
524,9409491021734,178.5245157265355
525,9409491042501,504.30559206015124
526,9405395039317,197.1119001058731
527,9401299034775,363.032128568122
528,9270237020485,415.22867787268194
529,9270238036214,340.4349508162627
530,9270238034245,636.7826752026127
531,9266141015098,200.74024211846856
532,9262045006432,385.52197500691733
533,9266141039966,366.4817433507248
534,9266141006221,513.737108647416
535,9249766021397,102.32966403895318
536,9245670011031,116.38179698758051
537,9393109058980,331.6809045650426
538,9389012040900,314.8910185853631
539,9384917015830,385.8243978830343
540,9384917050374,93.7595504579038
541,9384917037615,298.8264779060732
542,9389013060547,206.82081833478213
543,9384917018723,563.9923323085293
544,9339858065338,178.77521739396556
545,9479123044405,428.60377770190127
546,9475027025445,230.03055226631903
547,9475028027244,370.2674292403262
548,9475028017955,259.57027760450933
549,9352146053908,734.6589020409856
550,9352147016220,151.4429974944216
551,9229276020341,490.52217852931483
552,9233372050335,184.81860006852557
553,9466835032805,459.1178367242917
554,9384912023286,206.32015507001992
555,9384912055763,115.08925795657817
556,9429974011832,497.54363627420463
557,9429972018385,129.43047220638678
558,9475029026097,174.16943532976325
559,9475029030326,425.1903696909943
560,9380828036023,291.73325330066467
561,9221089033885,250.32528934031208
562,9221089035189,550.3010219973452
563,9216993036145,141.12783453669016
564,9216992033543,232.4162109824064
565,9212897070320,316.35551357752917
566,9216993019036,284.82087504152463
567,9212897028694,482.1127452712616
568,9343963031634,278.45727753549215
569,9339867029829,169.03278595009527
570,9339867060794,295.81708191716734
571,9339867049989,294.18946032459644
572,9491415024947,202.8007310947694
573,9237470030510,95.5156167264222
574,9233374033388,142.8518019497349
575,9237471023628,472.74494156813074
576,9233375009633,453.18738532672944
577,9229279015895,340.51557634672014
578,9438155072273,454.3581904154588
579,9257952050627,442.2618191358445
580,9262049020222,285.2012524301007
581,9257952047173,187.14558043209612
582,9417682026084,198.46052294017247
583,9413586025909,208.23858071037543
584,9413586039570,223.33618743508407
585,9413586025403,416.05304138393285
586,9409491045564,590.5004399928082
587,9438158032069,220.33527632552028
588,9438158049351,426.1660838364492
589,9434062066344,135.22255265165492
590,9339861050909,539.3137106259439
591,9335766036499,105.481243037471
592,9245664019488,198.90431903561836
593,9245664034092,164.81614637112148
594,9241568040588,246.75839845853017
595,9241568041243,551.4440376382097
596,9241568029147,324.12005262806906
597,9245665028575,237.1118285647484
598,9241568038918,265.18687720683585
599,9237472019078,305.54285265668244
600,9343957074781,543.4464987887636
601,9343956020538,173.83728069618184
602,9339860034803,546.3734376809236
603,9339860041045,182.6134911099789
604,9339860006339,567.7439182945138
605,9335765058829,282.21840352851444
606,9335765039834,182.00587311524725
607,9335765073242,410.8773943381135
608,9307077065291,692.6579179306372
609,9319395014347,441.8489935823157
610,9274326031254,184.90444361553486
611,9270231019393,551.1473274138107
612,9307097047730,485.80427468322944
613,9303001046425,704.3466036766812
614,9303001043819,350.8359818566045
615,9303001031002,116.01136667843654
616,9307097025139,246.67096705631286
617,9303001031959,570.2272592698813
618,9307097063507,350.9017011123208
619,9303001059026,323.6901994749765
620,9303002058136,320.2907953429193
621,9298905040337,227.78147075042403
622,9294810043403,307.4347714605782
623,9294810025149,336.516769838471
624,9290713013662,480.4139818768252
625,9290714027310,158.87172723587426
626,9290714022403,209.40197096482788
627,9290714026353,127.41198045150257
628,9290714038213,362.7063788305405
629,9290714041104,141.39629004366904
630,9286618043406,286.320872123152
631,9286618016674,322.0385561814466
632,9286618030258,227.5784439497625
633,9286618016059,440.45189718399695
634,9380813017303,488.5719977144699
635,9417679023577,664.7745062038624
636,9413582033348,429.8343629000095
637,9389022048875,540.3443243041994
638,9475026010547,363.7362845422274
639,9216984034764,300.32117278064106
640,9302992067967,336.6305369811666
641,9302993033032,353.16802481533836
642,9253861012594,228.610445559238
643,9249764044752,333.04261807948376
644,9393101056297,140.0265590230624
645,9389005024422,266.7324397502635
646,9192406055489,661.3109202929237
647,9372608067855,585.3462036216163
648,9257943033940,585.1653994390376
649,9389017017495,633.4718717381604
650,9389017004746,821.739035033323
651,9221085040610,253.7362907829068
652,9225181065420,427.62376758076135
653,9221085042742,463.3266568426078
654,9257931061376,465.32222340608376
655,9331681013609,103.01328863551964
656,9331682028479,139.90845651334885
657,9397208039888,302.61985868428314
658,9241563048306,342.1418937031889
659,9245660057701,214.4548743320752
660,9241563045925,500.8921324001597
661,9237468041839,108.5353593424437
662,9286615069019,156.3406282074063
663,9282519038521,356.1211851112837
664,9491414000043,315.5093344194662
665,9487318006598,322.8097273762036
666,9417686057688,340.95803671322426
667,9278415021635,490.15534117905764
668,9429970063362,463.89817146010523
669,9425874034195,95.31140534592966
670,9425875022071,116.02422034514963
671,9421778043398,556.2624810432615
672,9421778040924,331.19161047583964
673,9425875032236,258.0936542478754
674,9421779053006,234.8365551066972
675,9421778024796,468.4288723827539
676,9499607037354,257.3701752343272
677,9270235034262,580.8258253879898
678,9266138029530,523.1306067855751
679,9262043029454,468.7791224322869
680,9397206009283,726.8245548431672
681,9393111061619,350.76817262162905
682,9241553027764,648.3610108343299
683,9294812041722,408.12638893089684
684,9290716031437,179.856429798372
685,9294813031153,278.38756856175524
686,9294813047894,395.7497397786576
687,9286621003053,520.008019386642
688,9290717031758,195.7232839744813
689,9286621021269,280.81083235002916
690,9286621016916,679.2177961270418
691,9311189054912,148.64126918914522
692,9307092043994,582.3561139098288
693,9335780024054,139.69654056695614
694,9331683023897,182.92430370041492
695,9384918024501,595.9295873979296
696,9384918054176,386.94400264703364
697,9384918051453,115.76126501276312
698,9384918041085,294.9721774194288
699,9384918040471,365.033196358644
700,9384919062724,159.71443746914258
701,9380822062808,413.54412606485914
702,9380822028007,214.62290529454003
703,9384919040713,212.2440525256494
704,9278429025924,140.3313549713451
705,9274332044028,225.1121442372072
706,9278429018301,109.46398938567144
707,9274332047676,203.34235438762988
708,9278429053460,286.19924693676154
709,9278429020058,420.6922424726538
710,9274332016034,313.71316640310664
711,9278429016168,419.728385149505
712,9278429044460,340.5738816097788
713,9278429050921,717.6599208974808
714,9270237045943,701.0483631096595
715,9274333041385,592.6862307874699
716,9274333015238,382.8073783129016
717,9438163060757,281.15171913214635
718,9434068028072,487.93230495549005
719,9303006053243,235.37718890225224
720,9298910048741,138.77859150964952
721,9298910032436,782.9884561264457
722,9507801022832,520.9570015042635
723,9327569027509,301.68374317086887
724,9323473029614,181.30549956815943
725,9323473017054,314.80672193185404
726,9319377030700,498.44830232296135
727,9200605028623,188.168926018056
728,9319382022491,589.1978230394144
729,9249761030498,308.8343889517162
730,9241569003138,459.0761332088447
731,9434061018340,335.75675247847215
732,9352143017595,377.7210557171127
733,9266140047086,341.2375856527226
734,9266140032585,198.78296479169634
735,9266140062770,213.03263085551004
736,9262045023701,127.15747535438156
737,9262045023685,351.5293431259265
738,9262044016197,90.73924056294665
739,9257948026557,314.7779476559634
740,9262045050407,223.89305145772244
741,9257948038792,127.12523161658764
742,9356255021192,655.0921123127313
743,9348063049766,117.04914950796486
744,9475025022668,287.4583378645151
745,9475025022543,164.11357407351738
746,9470929022966,304.35148527622766
747,9262045020172,376.63620968770414
748,9262046037634,192.3753471429499
749,9257949021071,494.0051038683885
750,9257950012119,407.1030565285918
751,9339870022002,334.48470853892877
752,9335774028478,302.56530720745985
753,9331677044943,126.72432994945812
754,9339870017846,414.50475547134397
755,9257950011391,703.6794795169977
756,9257951000756,574.8865536034225
757,9257951025560,397.0251383855048
758,9257951031099,308.74870843850294
759,9253856047966,196.25054350719702
760,9253856032854,379.72440881879487
761,9253856024653,242.09441279740486
762,9253856021639,384.92630817661063
763,9253856012402,296.68255075904733
764,9249759044669,616.4122411646192
765,9487316019799,368.00596634513084
766,9487316012709,377.10076647566717
767,9487316026012,169.40162705799924
768,9188302041281,781.0591460178246
769,9216991043954,626.8016637678728
770,9216991028271,466.4704828788886
771,9290719047865,342.3561284427692
772,9286623049000,354.52441774667125
773,9286624039255,534.868041255091
774,9282527042386,272.71033929510844
775,9282527051339,426.3240316303341
776,9282527020204,116.61134942215344
777,9405396015449,793.5522040474867
778,9405396018182,180.28466467357777
779,9401300050874,537.7746521794056
780,9413572044463,367.1463949090702
781,9409484041159,566.8510900988407
782,9409484025821,442.26094041479286
783,9302991030448,186.62898201448814
784,9315291055370,226.80990775428054
785,9315291047394,546.5203769736047
786,9315291018627,254.69143429156682
787,9319388025721,333.0998099639551
788,9319388037856,150.31757646726248
789,9315292047740,232.28804986771422
790,9315292020942,454.4442698653162
791,9311196016118,216.51472236778568
792,9364426033202,201.97690983759662
793,9323492057570,139.37831172514015
794,9303002027485,641.7845498449843
795,9303002027732,394.4283514541964
796,9298905025267,425.66613795247
797,9298905039557,268.4178598279931
798,9303002020494,287.18785020067895
799,9298905028584,216.60143663302483
800,9294810036357,643.1079763526267
801,9294810021209,455.9625397841351
802,9294810057276,380.57564966016787
803,9294810034074,398.3885783617669
804,9290713050719,353.52868069431787
805,9294810020148,472.7240524586798
806,9241567047802,433.909754160868
807,9241567017197,342.0645449967635
808,9241567045832,572.5358723299663
809,9241567045061,595.8380864499003
810,9241567018501,438.5036706338405
811,9241567037383,352.2270931091308
812,9237472028688,437.9329707451957
813,9237472017138,389.99528570192194
814,9237472049955,418.30608994190766
815,9458637016066,439.1040103331523
816,9442253054009,484.29921262581206
817,9434061005261,414.79278550207056
818,9434061052015,427.225091649057
819,9290717000272,242.2284459781596
820,9286621012940,321.6024575943728
821,9290717043366,521.823527200382
822,9286621001429,211.37857363235528
823,9286621041996,344.0985916655632
824,9286622039352,357.745028466178
825,9286622039674,628.1465223651297
826,9286622033636,437.20715738517686
827,9278429037823,457.1855103816467
828,9286622028434,436.7860816949837
829,9282525011608,723.0156110717897
830,9278429045251,510.1001757719921
831,9454554037093,574.1823137260454
832,9405394044647,383.82718730987887
833,9405394060773,366.2508272316896
834,9401298062250,203.29582487224803
835,9466837020758,368.6657961999279
836,9356240042290,678.5152138078834
837,9360337054866,772.0161243679446
838,9274330063673,180.25811853895092
839,9270235057629,781.5384548171719
840,9266138043064,337.28418090810396
841,9393103030197,553.4575729867614
842,9360347017086,269.2780362347007
843,9356251018022,423.19718466680916
844,9360345063763,428.7053125574497
845,9356248037997,554.5226903257319
846,9356248079122,262.5981270222785
847,9343936041662,600.9894429009885
848,9216988031259,610.1783795384183
849,9212892036143,498.9567583535352
850,9212893025927,111.48475178717173
851,9380828040954,196.54164207194734
852,9221079062207,193.10679924289246
853,9368539038763,313.16016727364206
854,9368540035100,195.6737548533493
855,9364443020233,680.8893438874619
856,9274327074579,337.2194974083044
857,9274327031768,716.8281310683113
858,9323485060928,164.6194051630718
859,9327567046738,428.1691536416504
860,9257948021578,593.5840580336145
861,9262045042259,451.3960789338727
862,9257948019267,157.2621003440715
863,9257948044196,413.31471102581673
864,9257949054915,232.79817564920498
865,9253853054437,574.95450621553
866,9253853017812,270.87509117924907
867,9253853026717,189.35250721017147
868,9257949023567,729.6239044987276
869,9257949018657,396.6837483747931
870,9253853030906,136.1497977435497
871,9376711024191,556.3108929539063
872,9331667069612,402.0766929844253
873,9327572022986,703.8885539248363
874,9339867027043,176.25442655541568
875,9335772026119,475.27555745242927
876,9331676024075,394.64784573355684
877,9331675031886,243.64397007570614
878,9245672039394,120.90514502103213
879,9335785073379,573.7679814237132
880,9348052076070,114.03144350444185
881,9343956068277,508.2890815221482
882,9475027021510,324.2348247790349
883,9466835026095,146.8729351078032
884,9384915053877,466.7764799780771
885,9380818019587,451.26993563111336
886,9376723033050,636.786744758972
887,9376723040808,429.4431894429219
888,9372626063787,716.1826389774388
889,9376723073814,492.4253052767638
890,9376723035075,344.5938064862792
891,9417683072157,175.29269900074289
892,9417683020602,323.44045616147463
893,9417683036212,952.2637853658388
894,9417683052615,85.33562570096007
895,9233376015150,373.5775536353601
896,9233376033200,192.2691210001693
897,9233376034292,464.84085126583136
898,9229280051271,833.321367218053
899,9196509024971,86.3340849024629
900,9307093049059,145.02588478108532
901,9298901030198,141.22068961557994
902,9384911030085,141.1606802333951
903,9376719007842,305.2570901929295
904,9290719017535,181.26876830526473
905,9290719026601,140.11553378931916
906,9397196037167,509.0293674418133
907,9397196044795,144.95141651301222
908,9487317019466,485.4074350111965
909,9380837043497,623.0351538791851
910,9282522063249,133.35433200821026
911,9257954061479,463.5699167793383
912,9323486023071,385.2403483975525
913,9479128011977,224.81096694601368
914,9479128040328,233.53216302134243
915,9237475047773,397.9326493871101
916,9241571049209,467.85520526364763
917,9245658044588,611.7551731537483
918,9409487038709,390.0406886223161
919,9409487027705,492.2781652238346
920,9409487019705,629.139863057611
921,9409487070108,237.6131463571819
922,9405391026654,562.8684052253332
923,9315288008366,412.80115103812767
924,9315288002957,466.9901650515758
925,9315288016551,84.032710122373
926,9311192011301,425.4780019885573
927,9311193063191,90.88728051071527
928,9311193034722,245.88540079144767
929,9311193040895,125.79793402523556
930,9307096018867,414.455221337028
931,9307096027472,589.8918979323357
932,9311193033450,207.35024658623084
933,9237475045040,501.5020863270919
934,9237475035214,387.5353064286658
935,9233379031574,426.590974583786
936,9237476057277,217.80181280540702
937,9262032053622,85.13734737023331
938,9278427020137,257.716691768283
939,9278427043963,354.3354929043368
940,9278427061352,440.945424738947
941,9278427026119,215.1191860929497
942,9278428043479,522.9262613499496
943,9274331038569,239.26080428797488
944,9270235042203,227.8822646213416
945,9274331040469,624.5242513924687
946,9274331016401,137.09093821406236
947,9376730071233,113.15803204765051
948,9327573019281,276.7822139111298
949,9327574036292,185.3805106258897
950,9323477069239,166.9227065595809
951,9323478037432,573.9002415738413
952,9323478032722,496.59691240517
953,9376726036515,170.2612773071231
954,9376726026357,422.8963769716058
955,9376726040699,171.36392627453966
956,9376726034163,459.3894628816793
957,9372629075414,806.8599768547273
958,9372629049386,275.68441013866567
959,9368534016319,316.85273472519384
960,9372629082885,393.8470146470377
961,9458643047892,524.3657507593797
962,9417678057172,148.78606659183217
963,9212893056882,454.5838983904212
964,9204701019261,633.9414764126104
965,9417674027149,460.2197931632582
966,9446354052762,109.73205609120758
967,9417677066561,325.6244962541444
968,9417677044625,688.814680998332
969,9417677035276,442.8144893015927
970,9286610016930,536.4262950568632
971,9274328023837,455.10240547161385
972,9389016069066,110.86662656987134
973,9339870004356,538.3328127894667
974,9323480011629,305.04682256867665
975,9327577022287,351.5789803317749
976,9323480016462,481.38117645006935
977,9323480000284,563.3442986099848
978,9323480011152,622.5574777390533
979,9315288000574,268.07272777204497
980,9319385009912,586.0901722169821
981,9319385020015,142.7088668182355
982,9319386052180,599.5563500415685
983,9319386038813,479.87018590731765
984,9315289049728,330.6983236155752
985,9315289048112,536.7956142716934
986,9315289049187,493.3588148356675
987,9311193028962,337.4038846487695
988,9311193022087,487.50225280092064
989,9311194037466,293.64732800530464
990,9311194021711,287.2754093019668
991,9311194041684,217.18653935148757
992,9393110053758,102.39758461513969
993,9389013023296,293.3235250677006
994,9389013041621,91.46378958444544
995,9389013055996,141.3870717698695
996,9389014016973,207.67742051044445
997,9417674062310,349.73902556848185
998,9327580015049,369.75422082216494
999,9323484043297,367.179409203217
1000,9454552060331,264.59740783546175
1001,9397212014670,98.11830063818891
1002,9282532029459,605.0257232211911
1003,9278436026069,454.66976027754686
1004,9315283019290,715.9001410659448
1005,9311187045913,278.7628547731282
1006,9245668022968,124.09785414249338
1007,9245668024828,189.41370299727157
1008,9405398031390,608.4412700372234
1009,9401303052399,94.18475017701452
1010,9298907030259,439.2745263012087
1011,9294811021477,433.4612111352412
1012,9298907032141,408.1419101958122
1013,9298907018206,131.72264123237437
1014,9294811039285,202.0644575464053
1015,9294811032594,220.2378102013432
1016,9294811018246,235.35509782993896
1017,9294811041153,327.42962832494203
1018,9290715002465,435.9483352135466
1019,9294812048326,441.52814768980596
1020,9290715035966,574.147830974984
1021,9290715033341,465.0030018956127
1022,9286619046085,451.2883924013771
1023,9438163034693,257.35409056723614
1024,9429971041565,536.0848137980549
1025,9274329044418,512.709489902947
1026,9274329054085,265.75328153482485
1027,9270233053217,513.4548213924638
1028,9253851033714,661.2698062645386
1029,9229281025107,199.9776959009557
1030,9221089052367,166.39450064077013
1031,9266133041196,469.67419770279815
1032,9266142054006,213.00995647251804
1033,9266142024036,501.6707603238234
1034,9262047037339,340.5886833985399
1035,9245671041280,326.64368388610745
1036,9245671027966,211.13051121017628
1037,9241574038160,745.4741890710171
1038,9241575019725,541.4742938480472
1039,9282527051781,325.0063539864608
1040,9278432030987,280.3887488622956
1041,9278432018430,231.557525290032
1042,9278433016944,383.919514121733
1043,9278432046473,319.0031896615529
1044,9274336059486,385.4150875931168
1045,9376728066309,529.6161337845215
1046,9372632080139,414.9201060977728
1047,9364447008184,466.52731019038214
1048,9450452035106,314.7530049379988
1049,9446355044031,132.0169322126703
1050,9450452043508,153.87338887982295
1051,9442259060271,468.9591122660144
1052,9389016019853,404.18471197540015
1053,9384921020550,427.7107730746697
1054,9380824030389,424.31073373953336
1055,9343958011445,316.94157085525836
1056,9343958012092,440.75047263855913
1057,9343958011875,187.2810696771049
1058,9343958004119,151.08857442584514
1059,9343958011236,402.00985983488727
1060,9343958008858,474.0898259441852
1061,9343958010012,406.88850584847563
1062,9343958013695,432.3572307191128
1063,9372648033187,98.79771353726316
1064,9429986014863,822.7059268325812
1065,9204702027743,488.2511809730838
1066,9204703041827,366.98054357416186
1067,9204703018656,142.65478278812327
1068,9204703015976,528.1209791863089
1069,9397203027940,146.46974183477474
1070,9393108040533,292.9476445879383
1071,9397204051755,341.31990616289187
1072,9393108027092,165.46747272669026
1073,9397204056378,418.22623650219344
1074,9393108050659,420.7344121228485
1075,9393108035667,87.03957637690633
1076,9393108011832,530.4352430922563
1077,9393108034724,366.80712487917725
1078,9393108033250,375.2644924947744
1079,9397204033522,507.01598551828704
1080,9393109026984,315.6163205163276
1081,9389012061257,163.1372962426503
1082,9335781028806,165.30309162568318
1083,9307079059110,94.08306590068241
1084,9348058008136,293.7466038815009
1085,9348058008477,142.82430862569382
1086,9348058005504,387.31700761839517
1087,9348058018824,238.18968169158143
1088,9343963018381,815.4964042501654
1089,9343963060205,185.3227803719675
1090,9343963026736,150.3349382749477
1091,9339868022670,202.7827176127372
1092,9343965036139,163.15639711499148
1093,9339868060802,120.96148315169195
1094,9286622023611,196.96850756815
1095,9286622017574,403.1615458604395
1096,9286622049651,325.09388557961745
1097,9290718021984,327.01120349559613
1098,9286622050551,285.30886491488286
1099,9417699049511,254.9663942088789
1100,9401299057923,340.1205322775931
1101,9401300029441,129.1534351892876
1102,9397203025733,377.3566982581906
1103,9397203017901,236.5956393770303
1104,9401300036897,305.216247561882
1105,9397203034978,358.90955585756217
1106,9376713065009,382.5175516603509
1107,9372617021212,531.3138353760684
1108,9233368057063,187.80806934642155
1109,9298897045053,148.79403946382644
1110,9368524007937,555.0822924355443
1111,9368524025393,348.5000156326655
1112,9356250024286,442.6731229311447
1113,9352154019352,503.17000107067116
1114,9352154005630,111.5693765987783
1115,9372628060224,248.49559882312215
1116,9368532011982,645.3587721806956
1117,9368532017813,284.6724274761517
1118,9372628084481,430.85554824854967
1119,9372628022897,326.97082831430686
1120,9368532014313,241.96536483990045
1121,9372629054602,143.02799897454386
1122,9368533078851,351.51974936067114
1123,9368533026205,452.0062189940545
1124,9368533070479,392.23825535883225
1125,9282520063034,483.2934347333797
1126,9278425024651,366.6078223611158
1127,9278425028467,183.84891983274653
1128,9290703034955,105.78580638104614
1129,9372643060512,208.30097425192972
1130,9446348050198,441.0364679671151
1131,9417682049477,338.62752575297384
1132,9286618042536,217.1586979841445
1133,9286617026458,323.63758849919066
1134,9286618044513,319.2096168043265
1135,9286618032110,290.1150905036005
1136,9425871039469,168.87169105901725
1137,9425871024062,201.62158768476525
1138,9425871022330,694.8486049165252
1139,9425871034217,291.4250757465989
1140,9425871029129,230.46399254896102
1141,9298903036110,665.4405121053371
1142,9294807036460,563.0921595952532
1143,9294807021678,116.1161382454512
1144,9294808022318,204.86113983873886
1145,9294807049053,163.53138982767743
1146,9290711022786,88.14952695714064
1147,9409493039571,323.2245439170192
1148,9409493042867,382.3882919083657
1149,9413589053385,261.2002113682751
1150,9405397042262,110.9977049034502
1151,9409494045071,444.5534028720028
1152,9405397045049,369.9993048008277
1153,9368532010359,387.7514138867196
1154,9368532013162,396.73550800578806
1155,9368532017369,217.1826464047604
1156,9364436012053,337.87822050789384
1157,9364436008025,105.5404872492563
1158,9364436005578,220.75694638599973
1159,9470932015988,296.0173067918094
1160,9466837030710,213.6521140449947
1161,9487320035897,576.0544705745262
1162,9434074065710,554.6401337637853
1163,9442254057774,157.42911970908222
1164,9376718026257,611.4760337830941
1165,9372622016536,312.95904520974074
1166,9397200042420,555.0326260365944
1167,9393104042582,213.6111876175501
1168,9393104032439,192.6081565730291
1169,9331681029192,306.7088845316536
1170,9339852017176,458.1748220884365
1171,9483219031637,217.7319138956536
1172,9479122023707,350.47750216807015
1173,9483220036985,381.26731391101197
1174,9475027017494,193.57687892793263
1175,9384907018163,334.1074957374677
1176,9376724066746,173.56358680736042
1177,9376723046786,302.3210358282117
1178,9372627075666,452.0788989855294
1179,9376724020848,141.1996420436653
1180,9368531065156,204.52172928286407
1181,9368531077879,373.63445518425385
1182,9368532017887,260.9312752037643
1183,9397210059736,350.0365131700731
1184,9233369042347,682.9563100265044
1185,9229274052558,325.7183394871962
1186,9384917044042,261.65411815519224
1187,9380821033190,630.9173900733067
1188,9380820069672,524.1305188256441
1189,9380820029714,142.76374698994812
1190,9380821050029,541.7495879674871
1191,9384918038392,398.7764456075942
1192,9380821035329,470.5705452367192
1193,9376725060015,279.34926663222484
1194,9380821042207,396.8051059145162
1195,9380821025537,301.7722429348096
1196,9380821043130,217.19421773096366
1197,9380821047637,446.9135773153415
1198,9380821064058,205.4650891130571
1199,9376725025363,163.74857422347432
1200,9380821035261,470.62984432562837
1201,9380821069652,418.50899561090284
1202,9376725046046,683.3508719941042
1203,9311198028731,315.5176687786977
1204,9331680030442,120.43891018782752
1205,9417684053171,324.08770568756256
1206,9421780026561,219.5542414788512
1207,9421780049835,570.7812445446301
1208,9380822046330,584.0371475457227
1209,9380822027876,200.28514987591495
1210,9376727025356,541.5897933883357
1211,9376727064814,187.7619083106021
1212,9376727080150,130.1262545245564
1213,9462745050667,156.99199474329623
1214,9401293019279,581.5759224058876
1215,9401294019329,541.4381062743024
1216,9397197034940,499.9289948710527
1217,9319377048756,194.08696313703643
1218,9315281055349,96.42552119397696
1219,9319378024386,494.29519219586524
1220,9188314045141,190.62446572593842
1221,9405392040222,399.8476770976406
1222,9405392075882,674.1942759918812
1223,9401297055076,288.57453627503105
1224,9401297021725,501.1920345326043
1225,9413583022099,371.62625451082323
1226,9417680053689,246.1494666354888
1227,9413583065246,130.27396984627921
1228,9413584060890,212.8824377743417
1229,9409488023375,280.9788320625457
1230,9462734036454,309.8188653535128
1231,9458638033618,649.1143987825287
1232,9364439025561,234.64759172766185
1233,9364440072525,846.6625726749593
1234,9397203023370,140.17904187225682
1235,9393107000006,559.348579018658
1236,9389010028620,493.2821169122603
1237,9393107049891,374.8247784040802
1238,9393108052007,204.1905777819724
1239,9389010037833,331.15120222045056
1240,9393107057835,385.08111304403394
1241,9389011037139,359.37667997624465
1242,9393108027591,423.2912301247602
1243,9389011046752,283.8106654329735
1244,9384915039724,429.68972943480566
1245,9389011042340,429.4173394024665
1246,9290720057324,329.3612784624064
1247,9290720013619,138.2655999099029
1248,9282528022701,476.4831328920913
1249,9286625028563,400.5411261025186
1250,9262050049808,133.28304649873027
1251,9257953018235,317.6214789476595
1252,9257953027924,112.21559672518156
1253,9257953016086,188.55089469830503
1254,9253858057509,212.8319346437703
1255,9253858054591,430.81706511765503
1256,9339859055332,464.6947738865854
1257,9335764052669,623.3249037214803
1258,9335764027727,265.6332635443559
1259,9339860002659,454.16790237694124
1260,9335764045229,287.70826863145595
1261,9397197073793,170.00889561270387
1262,9397198041797,415.03777528674857
1263,9393102020684,567.8212675336838
1264,9389005048116,532.8518245714895
1265,9356241047807,420.7430966689065
1266,9352146077230,411.12736791806213
1267,9389008048330,234.92407518719932
1268,9389008021735,583.1660694335845
1269,9384913034261,177.23095196436768
1270,9384913023607,378.0927167172303
1271,9442258030442,398.04705614270136
1272,9384915021379,155.79859193148158
1273,9389011025165,346.81672300667503
1274,9384916014125,536.1962157261917
1275,9384916012743,660.9134573138167
1276,9384916004750,437.45704290056574
1277,9380819014083,451.936277115076
1278,9380820001742,217.87961442833736
1279,9380819043156,335.9722371349902
1280,9380819042204,724.9693589100389
1281,9380819052780,222.85995779314518
1282,9380820041553,387.92261189571724
1283,9380820034781,244.24951457000546
1284,9376724001426,496.01921764117486
1285,9376724020998,411.6569875020285
1286,9479124022840,314.3854732360558
1287,9479124021019,187.39531890491853
1288,9479124022234,243.94361167639718
1289,9479124011924,173.1305936178128
1290,9303000038379,512.6778213743477
1291,9303000053801,330.2537640490566
1292,9294808035150,854.4814191887523
1293,9298904048375,529.5275053458627
1294,9298904047976,338.94193573749726
1295,9360338084624,315.48892444964963
1296,9360338010529,846.0531861231071
1297,9323474053365,462.21857368043817
1298,9319379022893,85.88246964954284
1299,9257958022098,517.6958105115207
1300,9450447042914,347.7857216665946
1301,9454543036313,150.61194499043037
1302,9364438006695,198.80041299152404
1303,9360342008418,200.27476819390583
1304,9360343018673,529.0671421640893
1305,9360343008119,353.02846375817046
1306,9360343020408,422.5004507919233
1307,9356246014534,537.2286178153937
1308,9360343016860,222.89247849977124
1309,9356246022792,139.4840364751354
1310,9356247014106,318.1997745599986
1311,9356247010657,101.9261299934149
1312,9352151012366,241.15511934258686
1313,9278429019058,518.0638303438482
1314,9282525016632,105.46135267948964
1315,9278429041107,413.4475069756496
1316,9278430023467,215.8358833009195
1317,9274333045461,442.48997598516013
1318,9274333025168,473.17456320561797
1319,9274334013793,452.7004948818004
1320,9274334033261,180.84836074314325
1321,9298909048235,546.5418632865283
1322,9298909023452,110.36338310023962
1323,9294814052524,215.54524500101812
1324,9294814058603,471.2174291285849
1325,9294814047020,451.0072510302545
1326,9294814032008,89.45148456913253
1327,9290717037283,437.0906839203581
1328,9294814053944,251.50826405711663
1329,9290717022999,167.7018677294447
1330,9331665046432,285.5089111962993
1331,9327570043572,331.6004235343666
1332,9327570049479,108.13249705166388
1333,9327570033245,409.2988000380952
1334,9479125029365,148.57717491082045
1335,9475030032290,337.057106496655
1336,9475030030061,215.1379223222642
1337,9364444032040,83.29284144304269
1338,9360348020848,493.7578578644149
1339,9360348035232,144.5690965586663
1340,9360348033087,498.2264884615917
1341,9360348032618,334.7933609227705
1342,9286619013659,169.46595708606532
1343,9282523034761,520.2038235376059
1344,9282522051370,314.25473161794844
1345,9278427052332,456.74587998704317
1346,9278427032170,178.43464665514637
1347,9278427017676,409.8168120129444
1348,9208792014243,440.55646251004754
1349,9307090015146,493.1303838622477
1350,9323482057843,379.801051733674
1351,9323482046320,156.97572909832212
1352,9319386025064,348.2594823907026
1353,9319386030596,275.66605484505124
1354,9319386046245,327.4082266657198
1355,9319386056113,221.04488473256168
1356,9319387019639,351.4454313815264
1357,9315290042975,353.0866844749189
1358,9315290010524,192.41718552689343
1359,9315290039887,450.1085804772981
1360,9315290038519,533.5733357141617
1361,9315290031624,454.7400638557736
1362,9315290020906,412.0935234867469
1363,9327579033562,393.70051196881656
1364,9327580036647,166.2485295994361
1365,9319387041933,460.74796069021613
1366,9323483066380,392.84204917698685
1367,9319387040409,372.1869863215335
1368,9319388016280,365.494990832786
1369,9319387025962,352.16538404445157
1370,9319387022901,344.2910464505053
1371,9270240052502,103.208067432435
1372,9323476018280,513.0031355135936
1373,9319380015684,364.67421598561486
1374,9458647030774,548.598520773526
1375,9233373054686,279.2440471743821
1376,9233373047705,235.70381379747207
1377,9229278023021,140.8327955694174
1378,9229278022353,101.49404976058392
1379,9229278040121,343.5287099228592
1380,9303004041949,116.70846606854742
1381,9303004066809,232.8697442917994
1382,9303005017774,178.7666659834555
1383,9303005042836,243.2790825999205
1384,9303005057194,339.52851706632856
1385,9303005014820,132.09528977918447
1386,9303005045510,147.30741208065209
1387,9298908017581,209.54246620967228
1388,9303005019799,297.63952530069696
1389,9298909050076,799.1598403372171
1390,9298908022272,418.09145332880684
1391,9298909015427,139.06309430174264
1392,9282515040738,582.4632084057129
1393,9278420059628,548.304185901939
1394,9352157019722,219.485385116747
1395,9348061026334,401.0444089580831
1396,9348061021902,397.30353706319687
1397,9442262031517,229.3574127306515
1398,9319367064254,636.3517487249597
1399,9479133014153,522.7385335306117
1400,9409486047991,591.3501890162089
1401,9319382020386,255.76306607913105
1402,9315286086178,99.45406169819105
1403,9352152011045,349.9930993361197
1404,9348055064764,167.44237140698647
1405,9348055041185,224.78612938598755
1406,9348055038041,198.05924012385415
1407,9348056087293,137.42296026863278
1408,9343960055724,157.5592350660608
1409,9343960036584,306.3248459619925
1410,9343960062695,515.5187565702723
1411,9343960059742,144.7187025753205
1412,9343960036280,311.8086516385552
1413,9343960094694,372.47816017034944
1414,9233380026954,189.7341089626879
1415,9237477072263,445.7897357530149
1416,9434080088555,555.8127361291295
1417,9442257033847,524.3286351783305
1418,9442257064356,166.76226071741846
1419,9434065027020,600.090283144264
1420,9323481013151,232.4870123109697
1421,9323481018411,193.8741586438277
1422,9327578064240,819.3546676169149
1423,9323482023181,335.1842988693376
1424,9323482033916,424.6751324906217
1425,9319386066063,154.71044916733513
1426,9352159038047,263.46114099977797
1427,9348062034306,374.1733443902297
1428,9335771015810,480.5553955492803
1429,9331675059199,129.55459058986636
1430,9323482056825,194.52959230578827
1431,9327579035799,221.53476918555288
1432,9327579030355,203.72570363895667
1433,9327579038255,489.95473438877167
1434,9335767052893,389.3918961682791
1435,9335767029975,373.4467936492022
1436,9331670044694,331.9591383509692
1437,9331670028896,323.1039737498908
1438,9331670026413,300.7247307693981
1439,9331670051804,311.57645181612787
1440,9331670031014,456.0842897673526
1441,9331671013029,308.46420613350324
1442,9327575056327,477.1879770001703
1443,9192411045275,396.694504422759
1444,9298907059672,455.3611688353965
1445,9303004059291,248.77814636854046
1446,9298907027425,288.4605532031176
1447,9298908027809,322.61925852629923
1448,9253851051157,377.544120839961
1449,9262044051962,540.2865761926017
1450,9257948058877,494.61784808151225
1451,9339843004447,619.1841425310272
1452,9311188055185,386.4715488475058
1453,9438157039486,186.27861022021344
1454,9438157080355,482.36303058351496
1455,9442254019100,350.6516592807544
1456,9434062023856,141.64994566741188
1457,9221090058079,272.7072309951805
1458,9216994035306,386.3226248503807
1459,9221091027570,360.2312715654573
1460,9315296031633,524.1745964590858
1461,9225178018583,394.0641962770071
1462,9225178038885,194.17366842292103
1463,9294817035861,239.1499230689041
1464,9266145030114,652.8133669331731
1465,9262049049296,288.94895014793104
1466,9315280025184,95.55324549820496
1467,9225177047251,200.61924071303704
1468,9331679046729,378.74075897636595
1469,9331668015499,343.9185512799898
1470,9331668036134,312.3634978058311
1471,9331668017912,354.4402286546285
1472,9331668028752,499.39056254062876
1473,9331668045363,229.1085549647849
1474,9323476040613,144.09092317719748
1475,9458651038309,468.52356609117277
1476,9294816022856,130.38405814940398
1477,9331682014713,200.50502343233
1478,9323490055610,114.11107954289015
1479,9323490019886,499.26717671184747
1480,9466841039215,513.4018136078275
1481,9458649024932,171.80723050660194
1482,9434066036149,470.4147805907289
1483,9434066036464,123.39298795658266
1484,9303008044734,97.04996940607694
1485,9302992034719,691.9297658233131
1486,9307099041610,665.3526962984165
1487,9311196023293,245.1741541173554
1488,9307099044558,211.8092755291119
1489,9303003047846,200.50587818220376
1490,9303004055264,563.929546589522
1491,9303004048414,537.6113710650849
1492,9208795043083,129.74834954902366
1493,9208796050745,267.69364447326967
1494,9208785034690,553.9145539155561
1495,9200599061721,419.3820597279683
1496,9413597027844,413.5739323758297
1497,9348045018092,115.10138277016243
1498,9483228016324,803.7478806561992
1499,9348057005948,207.9517145102224
1500,9343961020337,471.56900878720825
1501,9343962015922,471.0326564431368
1502,9339865016775,198.65575076843376
1503,9339865006313,214.3540714600618
1504,9339865012500,519.3427687488303
1505,9339865009061,168.45152557882543
1506,9339865008114,264.5491025241457
1507,9343962010056,290.74723302920984
1508,9343962017460,383.6385187408725
1509,9339865010351,338.2620881517932
1510,9339865021271,254.2013948776057
1511,9343962010791,150.3687378800537
1512,9274331029670,439.4191202839352
1513,9270236056412,356.41994538829437
1514,9270236029323,274.49889204085537
1515,9270236060159,162.0684345849494
1516,9266140043501,488.10089827326965
1517,9266140019580,114.22522774269413
1518,9315280013330,104.48857448145759
1519,9278431025861,263.99110843369374
1520,9278431049188,573.4601683419878
1521,9278431026882,168.79944478907794
1522,9274335019282,203.15782777514008
1523,9270239019781,156.52765386563058
1524,9270239045238,128.07988346504604
1525,9274335023121,436.9144857740968
1526,9270239015645,467.59651683998055
1527,9241565045856,283.59892879480753
1528,9233373032227,551.2444319351232
1529,9237470023204,139.3012303791285
1530,9233373048108,313.39528345989925
1531,9237470060121,174.11033812844178
1532,9237474026683,310.33631010726486
1533,9499606025802,519.735273408547
1534,9495509027624,208.0461212759496
1535,9495509016086,222.42698563481696
1536,9356253049728,139.30497966198078
1537,9401297064079,182.84594363353645
1538,9397200038614,434.83596686988005
1539,9401297041300,397.1787036069883
1540,9397201049284,505.54430481464897
1541,9393105055363,148.2022440182679
1542,9352141029261,124.39422434278765
1543,9389020056431,348.78414683231017
1544,9384924031389,345.5241284607214
1545,9380828040121,195.38870359733284
1546,9380828053506,110.64574126397385
1547,9364448057127,285.04598615685643
1548,9360340022617,193.08228886070015
1549,9360340017150,713.9476551850476
1550,9360341009357,496.72130546616995
1551,9360341010971,393.7564682419878
1552,9356244016844,492.3476459961512
1553,9356244016374,488.91719972168335
1554,9360341017932,656.5471719080032
1555,9356244014786,406.3665325580241
1556,9356245014280,163.96827799190822
1557,9356244015695,328.97140800755335
1558,9356244008685,308.60736353780226
1559,9356244012315,325.20114433730373
1560,9307097063702,489.32991477781127
1561,9311194042934,203.41750414622246
1562,9311194041321,126.27788735087069
1563,9307097054775,502.9550271033792
1564,9307098049107,509.6227512906275
1565,9303002026339,352.56096726688287
1566,9303002041700,562.1321870339418
1567,9307098040205,435.42743915805806
1568,9307098036971,603.8751312664975
1569,9384919067695,135.65145330671922
1570,9384920031247,238.76203176597843
1571,9380823033185,258.3592450156773
1572,9380823020757,446.6215318902046
1573,9384920065493,341.7373327185534
1574,9409494053514,185.7874540901916
1575,9339846026939,478.7914428308071
1576,9380820025635,668.0425444725249
1577,9380820043591,325.0752486708291
1578,9380820026588,158.30182919796619
1579,9380820026720,588.1772695936057
1580,9376724021189,552.7610513996013
1581,9380820044396,110.89548882149758
1582,9380820051979,523.7668472361811
1583,9376725084333,163.9221586141198
1584,9376724063276,162.99822627039083
1585,9376725055502,101.86059195010927
1586,9372628027719,416.9690929672103
1587,9372628067586,458.8914227867127
1588,9372628057292,437.91377144930107
1589,9372628028903,334.5690574727521
1590,9376725030208,242.0362438867261
1591,9376725033506,339.16201498893224
1592,9356251067042,291.3356876359248
1593,9352156069250,127.69521780521052
1594,9352156026211,343.7345220729267
1595,9270238036122,212.18260895509084
1596,9270238040240,415.8007167498223
1597,9274334020487,182.0396757996496
1598,9266142055059,371.77013307119347
1599,9266142032033,407.685133154242
1600,9380826023104,539.8218268219387
1601,9376730032129,362.6203481523168
1602,9372634035745,508.61505755978203
1603,9372634031321,290.5314270319322
1604,9466840029887,109.85463323354507
1605,9466840016628,136.04160088531765
1606,9257952021197,244.03383149541332
1607,9253857035219,479.01282183031725
1608,9257953044019,171.13785261473632
1609,9253857028454,470.54612803049037
1610,9249760046628,531.8266900634381
1611,9257953019578,104.95373014702864
1612,9249760045734,403.3878927885408
1613,9253857004148,543.4001043115485
1614,9253857032113,153.17922695166686
1615,9253857034330,364.5342607459484
1616,9450448038663,419.3748707256377
1617,9450449062397,356.34039126218687
1618,9401294061908,410.05082525533567
1619,9405390059517,462.9886728412337
1620,9442255028386,452.86063831764665
1621,9438159000803,570.7828291157301
1622,9434064040842,338.115568910968
1623,9319383088814,191.54605368227527
1624,9315287016435,259.9106728043078
1625,9225169067755,298.98770517345355
1626,9233379017996,391.7500031410189
1627,9229284063102,263.71307822651846
1628,9233380023429,207.02498037357773
1629,9225188015474,228.14851439384998
1630,9327586011638,377.25910153095685
1631,9315298045218,745.5198701765877
1632,9315298038910,83.51679172874606
1633,9315298034591,525.4305388840419
1634,9372634027183,551.5673653395354
1635,9364441023189,416.1629772984822
1636,9364442024961,413.38900745216796
1637,9458643053384,333.41295124714884
1638,9450451039967,342.6148696110458
1639,9339864013452,247.48299915341838
1640,9339864010403,199.49955453977242
1641,9339864006941,109.97958071322464
1642,9339864012274,517.1594047258452
1643,9335769021084,147.0817500477311
1644,9233375020260,113.3363428929188
1645,9229279038764,610.6421768363163
1646,9229279024949,507.1536784499885
1647,9225182024469,358.7779853421672
1648,9225183053536,380.53876702931836
1649,9216991027783,273.5919695248077
1650,9212895047493,315.795388138723
1651,9216991034945,641.7124026867813
1652,9212895019225,277.64434914782845
1653,9212895041849,334.7548286431407
1654,9216991043237,298.003811218655
1655,9225179033128,607.8913727993571
1656,9196506036069,580.9650648104919
1657,9196507021393,559.7695624039859
1658,9446361032508,270.005737578126
1659,9446362038482,835.3978276080041
1660,9241573060869,224.51892143744342
1661,9237478047790,580.9501367329904
1662,9233381043565,219.97659942275547
1663,9348051029977,250.4495308173598
1664,9348051069321,112.26863467274826
1665,9339859047737,459.21792208406686
1666,9290710056736,347.28240196391295
1667,9290710021286,129.2427677750903
1668,9356260048258,100.73915019529043
1669,9327564058227,458.4322931168477
1670,9294825012861,535.5432143558774
1671,9343959034079,188.50415071753625
1672,9343959046729,340.78425472943974
1673,9348055083145,168.35307330213368
1674,9348055002286,223.60492428926904
1675,9343959019544,695.2829376890459
1676,9348055031771,350.42891967571074
1677,9348055058681,400.2270481453009
1678,9343959055570,296.8208499567432
1679,9348055001446,349.2171089435039
1680,9343959057646,644.9719697830353
1681,9348055050443,367.97376185372565
1682,9348055027657,283.64583850872106
1683,9348055051281,422.06622964062996
1684,9343959021886,444.06832518292185
1685,9348055019288,500.7832164163451
1686,9343959011272,451.5364026068914
1687,9343959071759,447.4525838933474
1688,9343960026369,119.10672066669638
1689,9343959075127,323.49474938205555
1690,9343959036140,163.76946811873674
1691,9343959027279,114.44063887932006
1692,9343959000519,179.6632772495893
1693,9343959022035,481.7877310292265
1694,9339863013957,348.8766064644415
1695,9343960046291,286.3993710283795
1696,9339863047987,516.5939603803101
1697,9339863061598,459.8059689546998
1698,9343960055718,280.03823809339815
1699,9339863046836,506.9834690159343
1700,9339863024072,317.1964950940095
1701,9339863055549,149.65125075209392
1702,9335767024849,643.5088495344212
1703,9352149022114,406.53173737018835
1704,9356244015109,197.85396164349868
1705,9352149008466,334.68483256704286
1706,9352149018887,598.2497147574916
1707,9356245025592,87.56261831826141
1708,9348053013380,418.6543349080519
1709,9331672024967,181.9979673413371
1710,9331672017047,81.92929740330044
1711,9331672010889,648.5496835229335
1712,9327576021216,522.1459466069214
1713,9327577020678,369.7953657241733
1714,9323480014473,247.00379338214816
1715,9364446017457,91.60295339209569
1716,9364446006178,872.7136644235443
1717,9249759023786,286.17020705393656
1718,9253856020075,478.9795802937547
1719,9245664028739,222.48560660936226
1720,9249760019711,157.2871450690321
1721,9356247009956,425.179477612563
1722,9356247005784,97.32752291614055
1723,9356247008162,286.09821210837447
1724,9352151014223,362.4590598816909
1725,9352152072430,402.6929643853322
1726,9352152042639,173.43277811804057
1727,9348055050949,288.07884173708214
1728,9348055029409,501.050728914766
1729,9389007054557,296.6245758407293
1730,9335767068536,312.42094286819685
1731,9339863063629,395.1690766421158
1732,9335768016915,308.8150562648052
1733,9335767007815,346.84230017102516
1734,9335768007722,443.89904531346946
1735,9335768013724,434.14576704030196
1736,9335768009557,423.9187749580905
1737,9335768007465,502.33276611148926
1738,9331671008420,353.9773362406084
1739,9282529050995,319.1355584561296
1740,9343964026637,227.47046176909058
1741,9434060021795,787.5123951238285
1742,9434060057802,152.44983367110345
1743,9221086039006,180.75883763273376
1744,9466834013727,305.64316978208683
1745,9462737050985,182.7333007324877
1746,9241562058009,205.6790210608864
1747,9233370014833,400.7918557539698
1748,9208799025599,518.3190627393038
1749,9470938046473,218.12359778492038
1750,9343973022191,85.66416286927654
1751,9282529019488,524.3708511848312
1752,9352140013632,102.9264033526068
1753,9237474047173,355.65667482257606
1754,9425864011325,549.0918888688811
1755,9372625015915,329.64248461663965
1756,9368530040047,384.3513628912688
1757,9372626031204,178.4343720703597
1758,9417681036006,227.23473946732327
1759,9413585035790,467.0401678376126
1760,9323466081842,147.90688383554746
1761,9487317032164,448.46403956692825
1762,9315287005827,238.11660097131974
1763,9315287017753,476.36407978139437
1764,9319384005340,97.0498769153541
1765,9319384005519,183.46319044137329
1766,9315288008075,436.1537734995215
1767,9315288009518,257.97688274605804
1768,9315288001950,298.36015658348146
1769,9397208014301,500.3790784905453
1770,9298902064913,227.8808435705365
1771,9343951058700,153.7280370073933
1772,9343951018247,555.7810130667339
1773,9466833024837,141.71851253342516
1774,9364435007019,559.1311912306971
1775,9364435011905,404.6800644470133
1776,9364434076222,542.4045098046921
1777,9364435005860,669.9478172683666
1778,9368542042302,146.12481504901538
1779,9253854041773,248.7431246267577
1780,9253854051892,142.87585395111194
1781,9257950038551,256.4530582913809
1782,9253855052990,666.4582790202683
1783,9253855025498,388.3246491468153
1784,9417688015826,243.76127009689614
1785,9352149022695,339.0
1786,9352149023400,313.0
1787,9327573063852,351.0
1788,9348053010217,107.0
1789,9356245022536,569.0
1790,9352150026598,346.0
1791,9343958009796,333.0
1792,9331670061862,408.0
1793,9339862042798,156.0
1794,9348054027209,455.0
1795,9335767096262,228.0
1796,9348054014466,273.0
1797,9343959093324,115.0
1798,9343959097005,310.0
1799,9343959085266,221.0
1800,9331671027531,393.0
1801,9343959066783,526.0
1802,9343959039335,384.0
1803,9348055031196,212.0
1804,9348055093681,312.0
1805,9343960094749,523.0
1806,9352152057109,200.0
1807,9356247009440,189.0
1808,9352152033035,429.0
1809,9327576023096,131.0
1810,9348056057379,390.0
1811,9348056075974,296.0
1812,9331672012421,138.0
1813,9339864023620,244.0
1814,9315288025116,586.0
1815,9339864025118,582.0
1816,9348056078741,321.0
1817,9339864019069,306.0
1818,9319385005979,333.0
1819,9352153064259,329.0
1820,9343961021450,171.0
1821,9319385006590,530.0
1822,9348057014120,196.0
1823,9352153066174,197.0
1824,9323481011631,503.0
